folder,originalPath,newPath,dateTime,order,ext,mediaType,cdnUrl,country,state,citySlug,notionLocationName,notionStoryTitle
Akron,stories/Akron/ash_1221w_story_12_12_2024_8_09_28 AM3521475209040895735.mp4,stories-organized/usa/ohio/akron/01.mp4,2024-12-12T08:09:28,1,mp4,video,https://cdn.ashzaeen.com/usa/ohio/akron/01.mp4,usa,ohio,akron,"Akron, OH",Akron
Akron,stories/Akron/ash_1221w_story_12_12_2024_2_09_07 PM3521656172874484010.mp4,stories-organized/usa/ohio/akron/02.mp4,2024-12-12T14:09:07,2,mp4,video,https://cdn.ashzaeen.com/usa/ohio/akron/02.mp4,usa,ohio,akron,"Akron, OH",Akron
Akron,stories/Akron/ash_1221w_story_12_13_2024_3_51_40 PM3522432555306100642.mp4,stories-organized/usa/ohio/akron/03.mp4,2024-12-13T15:51:40,3,mp4,video,https://cdn.ashzaeen.com/usa/ohio/akron/03.mp4,usa,ohio,akron,"Akron, OH",Akron
Akron,stories/Akron/ash_1221w_story_12_21_2024_4_44_24 PM3528257320402958583.mp4,stories-organized/usa/ohio/akron/04.mp4,2024-12-21T16:44:24,4,mp4,video,https://cdn.ashzaeen.com/usa/ohio/akron/04.mp4,usa,ohio,akron,"Akron, OH",Akron
Akron,stories/Akron/ash_1221w_story_12_22_2024_7_55_32 PM3529078252304295819.mp4,stories-organized/usa/ohio/akron/05.mp4,2024-12-22T19:55:32,5,mp4,video,https://cdn.ashzaeen.com/usa/ohio/akron/05.mp4,usa,ohio,akron,"Akron, OH",Akron
Akron,stories/Akron/ash_1221w_story_12_22_2024_11_38_06 PM3529190331557449794.mp4,stories-organized/usa/ohio/akron/06.mp4,2024-12-22T23:38:06,6,mp4,video,https://cdn.ashzaeen.com/usa/ohio/akron/06.mp4,usa,ohio,akron,"Akron, OH",Akron
Albuquerque,stories/Albuquerque/ash_1221w_story_3_11_2025_6_18_01 PM3586256341645910528.mp4,stories-organized/usa/new-mexico/albuquerque/01.mp4,2025-03-11T18:18:01,1,mp4,video,https://cdn.ashzaeen.com/usa/new-mexico/albuquerque/01.mp4,usa,new-mexico,albuquerque,"Albuquerque, NM",Albuquerque
Albuquerque,stories/Albuquerque/ash_1221w_story_3_12_2025_8_30_25 AM3586685291982481029.mp4,stories-organized/usa/new-mexico/albuquerque/02.mp4,2025-03-12T08:30:25,2,mp4,video,https://cdn.ashzaeen.com/usa/new-mexico/albuquerque/02.mp4,usa,new-mexico,albuquerque,"Albuquerque, NM",Albuquerque
Albuquerque,stories/Albuquerque/ash_1221w_story_3_14_2025_2_42_46 AM3587959932300945199.mp4,stories-organized/usa/new-mexico/albuquerque/03.mp4,2025-03-14T02:42:46,3,mp4,video,https://cdn.ashzaeen.com/usa/new-mexico/albuquerque/03.mp4,usa,new-mexico,albuquerque,"Albuquerque, NM",Albuquerque
Arlington,stories/Arlington/ash_1221w_story_1_28_2025_3_46_23 AM3555407160697143639.mp4,stories-organized/usa/texas/arlington/01.mp4,2025-01-28T03:46:23,1,mp4,video,https://cdn.ashzaeen.com/usa/texas/arlington/01.mp4,usa,texas,arlington,Arlington,Arlington
Arlington,stories/Arlington/ash_1221w_story_2_9_2025_5_58_39 PM3564533633769853188.mp4,stories-organized/usa/texas/arlington/02.mp4,2025-02-09T17:58:39,2,mp4,video,https://cdn.ashzaeen.com/usa/texas/arlington/02.mp4,usa,texas,arlington,Arlington,Arlington
Arlington,stories/Arlington/ash_1221w_story_2_9_2025_9_14_17 PM3564631893166532834.mp4,stories-organized/usa/texas/arlington/03.mp4,2025-02-09T21:14:17,3,mp4,video,https://cdn.ashzaeen.com/usa/texas/arlington/03.mp4,usa,texas,arlington,Arlington,Arlington
Arlington,stories/Arlington/ash_1221w_story_2_15_2025_7_21_16 AM3568561290965851450.mp4,stories-organized/usa/texas/arlington/04.mp4,2025-02-15T07:21:16,4,mp4,video,https://cdn.ashzaeen.com/usa/texas/arlington/04.mp4,usa,texas,arlington,Arlington,Arlington
Arlington,stories/Arlington/ash_1221w_story_2_15_2025_7_28_18 AM3568564834825537502.mp4,stories-organized/usa/texas/arlington/05.mp4,2025-02-15T07:28:18,5,mp4,video,https://cdn.ashzaeen.com/usa/texas/arlington/05.mp4,usa,texas,arlington,Arlington,Arlington
Arlington,stories/Arlington/ash_1221w_story_8_29_2025_3_54_40 AM3709758473451263556.mp4,stories-organized/usa/texas/arlington/06.mp4,2025-08-29T03:54:40,6,mp4,video,https://cdn.ashzaeen.com/usa/texas/arlington/06.mp4,usa,texas,arlington,Arlington,Arlington
Arlington,stories/Arlington/ash_1221w_story_8_29_2025_4_39_16 PM3710143262036705301.mp4,stories-organized/usa/texas/arlington/07.mp4,2025-08-29T16:39:16,7,mp4,video,https://cdn.ashzaeen.com/usa/texas/arlington/07.mp4,usa,texas,arlington,Arlington,Arlington
Arlington,stories/Arlington/ash_1221w_story_8_29_2025_5_26_40 PM3710167214742159604.mp4,stories-organized/usa/texas/arlington/08.mp4,2025-08-29T17:26:40,8,mp4,video,https://cdn.ashzaeen.com/usa/texas/arlington/08.mp4,usa,texas,arlington,Arlington,Arlington
Arlington,stories/Arlington/ash_1221w_story_8_29_2025_5_31_54 PM3710169695781980948.mp4,stories-organized/usa/texas/arlington/09.mp4,2025-08-29T17:31:54,9,mp4,video,https://cdn.ashzaeen.com/usa/texas/arlington/09.mp4,usa,texas,arlington,Arlington,Arlington
Arlington,stories/Arlington/ash_1221w_story_8_29_2025_5_52_21 PM3710179998142623776.mp4,stories-organized/usa/texas/arlington/10.mp4,2025-08-29T17:52:21,10,mp4,video,https://cdn.ashzaeen.com/usa/texas/arlington/10.mp4,usa,texas,arlington,Arlington,Arlington
Arlington,stories/Arlington/ash_1221w_story_10_5_2025_9_07_45 PM3737095038690964734.mp4,stories-organized/usa/texas/arlington/11.mp4,2025-10-05T21:07:45,11,mp4,video,https://cdn.ashzaeen.com/usa/texas/arlington/11.mp4,usa,texas,arlington,Arlington,Arlington
Arlington,stories/Arlington/ash_1221w_story_10_5_2025_9_08_03 PM3737095212511322671.mp4,stories-organized/usa/texas/arlington/12.mp4,2025-10-05T21:08:03,12,mp4,video,https://cdn.ashzaeen.com/usa/texas/arlington/12.mp4,usa,texas,arlington,Arlington,Arlington
Arlington,stories/Arlington/ash_1221w_story_11_1_2025_2_46_46 AM3756109974570151015.mp4,stories-organized/usa/texas/arlington/13.mp4,2025-11-01T02:46:46,13,mp4,video,https://cdn.ashzaeen.com/usa/texas/arlington/13.mp4,usa,texas,arlington,Arlington,Arlington
Arlington,stories/Arlington/ash_1221w_story_11_2_2025_4_34_40 AM3756919144865267146.mp4,stories-organized/usa/texas/arlington/14.mp4,2025-11-02T04:34:40,14,mp4,video,https://cdn.ashzaeen.com/usa/texas/arlington/14.mp4,usa,texas,arlington,Arlington,Arlington
Arlington,stories/Arlington/ash_1221w_story_11_14_2025_4_55_11 AM3765626754615402810.mp4,stories-organized/usa/texas/arlington/15.mp4,2025-11-14T04:55:11,15,mp4,video,https://cdn.ashzaeen.com/usa/texas/arlington/15.mp4,usa,texas,arlington,Arlington,Arlington
Arlington,stories/Arlington/ash_1221w_story_12_26_2025_9_26_34 PM3796566398521333173.mp4,stories-organized/usa/texas/arlington/16.mp4,2025-12-26T21:26:34,16,mp4,video,https://cdn.ashzaeen.com/usa/texas/arlington/16.mp4,usa,texas,arlington,Arlington,Arlington
Arlington,stories/Arlington/ash_1221w_story_12_26_2025_9_35_13 PM3796570669816012868.mp4,stories-organized/usa/texas/arlington/17.mp4,2025-12-26T21:35:13,17,mp4,video,https://cdn.ashzaeen.com/usa/texas/arlington/17.mp4,usa,texas,arlington,Arlington,Arlington
Arlington,stories/Arlington/ash_1221w_story_12_27_2025_12_53_55 AM3796670752494586871.mp4,stories-organized/usa/texas/arlington/18.mp4,2025-12-27T00:53:55,18,mp4,video,https://cdn.ashzaeen.com/usa/texas/arlington/18.mp4,usa,texas,arlington,Arlington,Arlington
Arlington,stories/Arlington/ash_1221w_story_12_27_2025_1_07_32 AM3796677582306337309.mp4,stories-organized/usa/texas/arlington/19.mp4,2025-12-27T01:07:32,19,mp4,video,https://cdn.ashzaeen.com/usa/texas/arlington/19.mp4,usa,texas,arlington,Arlington,Arlington
Arlington,stories/Arlington/ash_1221w_story_12_28_2025_7_13_12 AM3797586343195733883.mp4,stories-organized/usa/texas/arlington/20.mp4,2025-12-28T07:13:12,20,mp4,video,https://cdn.ashzaeen.com/usa/texas/arlington/20.mp4,usa,texas,arlington,Arlington,Arlington
Arlington,stories/Arlington/ash_1221w_story_12_28_2025_7_15_40 AM3797587582839060040.mp4,stories-organized/usa/texas/arlington/21.mp4,2025-12-28T07:15:40,21,mp4,video,https://cdn.ashzaeen.com/usa/texas/arlington/21.mp4,usa,texas,arlington,Arlington,Arlington
Arlington,stories/Arlington/ash_1221w_story_12_28_2025_4_06_02 PM3797854604109100515.mp4,stories-organized/usa/texas/arlington/22.mp4,2025-12-28T16:06:02,22,mp4,video,https://cdn.ashzaeen.com/usa/texas/arlington/22.mp4,usa,texas,arlington,Arlington,Arlington
Arlington,stories/Arlington/ash_1221w_story_1_1_2026_6_01_22 AM3800449398065748466.mp4,stories-organized/usa/texas/arlington/23.mp4,2026-01-01T06:01:22,23,mp4,video,https://cdn.ashzaeen.com/usa/texas/arlington/23.mp4,usa,texas,arlington,Arlington,Arlington
Arlington,stories/Arlington/ash_1221w_story_2_9_2026_3_55_09 AM3828652019888717138.mp4,stories-organized/usa/texas/arlington/24.mp4,2026-02-09T03:55:09,24,mp4,video,https://cdn.ashzaeen.com/usa/texas/arlington/24.mp4,usa,texas,arlington,Arlington,Arlington
Arlington,stories/Arlington/ash_1221w_story_3_1_2026_3_51_57 PM3843508371911150210.mp4,stories-organized/usa/texas/arlington/25.mp4,2026-03-01T15:51:57,25,mp4,video,https://cdn.ashzaeen.com/usa/texas/arlington/25.mp4,usa,texas,arlington,Arlington,Arlington
Arlington,stories/Arlington/ash_1221w_story_3_8_2026_7_07_26 AM3848287554549920176.mp4,stories-organized/usa/texas/arlington/26.mp4,2026-03-08T07:07:26,26,mp4,video,https://cdn.ashzaeen.com/usa/texas/arlington/26.mp4,usa,texas,arlington,Arlington,Arlington
Arlington,stories/Arlington/ash_1221w_story_3_21_2026_2_27_09 AM3857568564739398442.mp4,stories-organized/usa/texas/arlington/27.mp4,2026-03-21T02:27:09,27,mp4,video,https://cdn.ashzaeen.com/usa/texas/arlington/27.mp4,usa,texas,arlington,Arlington,Arlington
Arlington,stories/Arlington/ash_1221w_story_4_15_2026_1_47_14 AM3875667752966504809.mp4,stories-organized/usa/texas/arlington/28.mp4,2026-04-15T01:47:14,28,mp4,video,https://cdn.ashzaeen.com/usa/texas/arlington/28.mp4,usa,texas,arlington,Arlington,Arlington
Cleveland,stories/Cleveland/ash_1221w_story_9_29_2024_4_03_00 PM3468049866360900448.jpg,stories-organized/usa/ohio/cleveland/01.jpg,2024-09-29T16:03:00,1,jpg,image,https://cdn.ashzaeen.com/usa/ohio/cleveland/01.jpg,usa,ohio,cleveland,"Cleveland, OH",Cleveland
Cleveland,stories/Cleveland/ash_1221w_story_9_30_2024_3_24_52 PM3468755543320447137.mp4,stories-organized/usa/ohio/cleveland/02.mp4,2024-09-30T15:24:52,2,mp4,video,https://cdn.ashzaeen.com/usa/ohio/cleveland/02.mp4,usa,ohio,cleveland,"Cleveland, OH",Cleveland
Cleveland,stories/Cleveland/ash_1221w_story_9_30_2024_3_51_38 PM3468768928225450734.jpg,stories-organized/usa/ohio/cleveland/03.jpg,2024-09-30T15:51:38,3,jpg,image,https://cdn.ashzaeen.com/usa/ohio/cleveland/03.jpg,usa,ohio,cleveland,"Cleveland, OH",Cleveland
Cleveland,stories/Cleveland/ash_1221w_story_9_30_2024_5_44_41 PM3468825851809493276.mp4,stories-organized/usa/ohio/cleveland/04.mp4,2024-09-30T17:44:41,4,mp4,video,https://cdn.ashzaeen.com/usa/ohio/cleveland/04.mp4,usa,ohio,cleveland,"Cleveland, OH",Cleveland
Colorado Springs,stories/Colorado Springs/ash_1221w_story_3_13_2025_8_17_02 AM3587403402620551695.mp4,stories-organized/usa/colorado/colorado-springs/01.mp4,2025-03-13T08:17:02,1,mp4,video,https://cdn.ashzaeen.com/usa/colorado/colorado-springs/01.mp4,usa,colorado,colorado-springs,"Colorado Springs, CO",Colorado Springs
Colorado Springs,stories/Colorado Springs/ash_1221w_story_3_14_2025_3_16_07 AM3587976706423088366.mp4,stories-organized/usa/colorado/colorado-springs/02.mp4,2025-03-14T03:16:07,2,mp4,video,https://cdn.ashzaeen.com/usa/colorado/colorado-springs/02.mp4,usa,colorado,colorado-springs,"Colorado Springs, CO",Colorado Springs
Colorado Springs,stories/Colorado Springs/ash_1221w_story_3_14_2025_3_42_44 AM3587990053503817329.mp4,stories-organized/usa/colorado/colorado-springs/03.mp4,2025-03-14T03:42:44,3,mp4,video,https://cdn.ashzaeen.com/usa/colorado/colorado-springs/03.mp4,usa,colorado,colorado-springs,"Colorado Springs, CO",Colorado Springs
Colorado Springs,stories/Colorado Springs/ash_1221w_story_3_14_2025_2_56_52 PM3588329403811717216.mp4,stories-organized/usa/colorado/colorado-springs/04.mp4,2025-03-14T14:56:52,4,mp4,video,https://cdn.ashzaeen.com/usa/colorado/colorado-springs/04.mp4,usa,colorado,colorado-springs,"Colorado Springs, CO",Colorado Springs
Colorado Springs,stories/Colorado Springs/ash_1221w_story_3_15_2025_1_49_24 AM3588657861837301064.mp4,stories-organized/usa/colorado/colorado-springs/05.mp4,2025-03-15T01:49:24,5,mp4,video,https://cdn.ashzaeen.com/usa/colorado/colorado-springs/05.mp4,usa,colorado,colorado-springs,"Colorado Springs, CO",Colorado Springs
Colorado Springs,stories/Colorado Springs/ash_1221w_story_3_15_2025_1_50_33 AM3588658436993876850.mp4,stories-organized/usa/colorado/colorado-springs/06.mp4,2025-03-15T01:50:33,6,mp4,video,https://cdn.ashzaeen.com/usa/colorado/colorado-springs/06.mp4,usa,colorado,colorado-springs,"Colorado Springs, CO",Colorado Springs
Colorado Springs,stories/Colorado Springs/ash_1221w_story_3_15_2025_4_27_17 PM3589099621312011371.mp4,stories-organized/usa/colorado/colorado-springs/07.mp4,2025-03-15T16:27:17,7,mp4,video,https://cdn.ashzaeen.com/usa/colorado/colorado-springs/07.mp4,usa,colorado,colorado-springs,"Colorado Springs, CO",Colorado Springs
Colorado Springs,stories/Colorado Springs/ash_1221w_story_3_15_2025_4_36_54 PM3589104553066923960.mp4,stories-organized/usa/colorado/colorado-springs/08.mp4,2025-03-15T16:36:54,8,mp4,video,https://cdn.ashzaeen.com/usa/colorado/colorado-springs/08.mp4,usa,colorado,colorado-springs,"Colorado Springs, CO",Colorado Springs
Columbus,stories/Columbus/ash_1221w_story_12_13_2024_6_49_37 PM3522522189369190087.mp4,stories-organized/usa/ohio/columbus/01.mp4,2024-12-13T18:49:37,1,mp4,video,https://cdn.ashzaeen.com/usa/ohio/columbus/01.mp4,usa,ohio,columbus,"Columbus, OH",Columbus
Columbus,stories/Columbus/ash_1221w_story_12_13_2024_7_04_17 PM3522529478229997167.mp4,stories-organized/usa/ohio/columbus/02.mp4,2024-12-13T19:04:17,2,mp4,video,https://cdn.ashzaeen.com/usa/ohio/columbus/02.mp4,usa,ohio,columbus,"Columbus, OH",Columbus
Columbus,stories/Columbus/ash_1221w_story_12_13_2024_7_06_05 PM3522530387873972441.jpg,stories-organized/usa/ohio/columbus/03.jpg,2024-12-13T19:06:05,3,jpg,image,https://cdn.ashzaeen.com/usa/ohio/columbus/03.jpg,usa,ohio,columbus,"Columbus, OH",Columbus
Columbus,stories/Columbus/ash_1221w_story_12_13_2024_7_17_07 PM3522535935334160140.mp4,stories-organized/usa/ohio/columbus/04.mp4,2024-12-13T19:17:07,4,mp4,video,https://cdn.ashzaeen.com/usa/ohio/columbus/04.mp4,usa,ohio,columbus,"Columbus, OH",Columbus
Cox Bazar,stories/Cox Bazar/ash_1221w_story_6_26_2025_11_06_07 PM3663952325955198459.mp4,stories-organized/bangladesh/chittagong/cox-bazar/01.mp4,2025-06-26T23:06:07,1,mp4,video,https://cdn.ashzaeen.com/bangladesh/chittagong/cox-bazar/01.mp4,bangladesh,chittagong,cox-bazar,Cox Bazar,Cox's Bazar
Cox Bazar,stories/Cox Bazar/ash_1221w_story_6_26_2025_11_06_53 PM3663952919843527780.mp4,stories-organized/bangladesh/chittagong/cox-bazar/02.mp4,2025-06-26T23:06:53,2,mp4,video,https://cdn.ashzaeen.com/bangladesh/chittagong/cox-bazar/02.mp4,bangladesh,chittagong,cox-bazar,Cox Bazar,Cox's Bazar
Cox Bazar,stories/Cox Bazar/ash_1221w_story_6_28_2025_12_46_36 PM3665090008282683416.mp4,stories-organized/bangladesh/chittagong/cox-bazar/03.mp4,2025-06-28T12:46:36,3,mp4,video,https://cdn.ashzaeen.com/bangladesh/chittagong/cox-bazar/03.mp4,bangladesh,chittagong,cox-bazar,Cox Bazar,Cox's Bazar
Cox Bazar,stories/Cox Bazar/ash_1221w_story_6_28_2025_2_12_57 PM3665133468410854160.mp4,stories-organized/bangladesh/chittagong/cox-bazar/04.mp4,2025-06-28T14:12:57,4,mp4,video,https://cdn.ashzaeen.com/bangladesh/chittagong/cox-bazar/04.mp4,bangladesh,chittagong,cox-bazar,Cox Bazar,Cox's Bazar
Cox Bazar,stories/Cox Bazar/ash_1221w_story_6_28_2025_2_14_05 PM3665134032284700307.mp4,stories-organized/bangladesh/chittagong/cox-bazar/05.mp4,2025-06-28T14:14:05,5,mp4,video,https://cdn.ashzaeen.com/bangladesh/chittagong/cox-bazar/05.mp4,bangladesh,chittagong,cox-bazar,Cox Bazar,Cox's Bazar
Cox Bazar,stories/Cox Bazar/ash_1221w_story_6_29_2025_5_12_50 AM3665586437556213371.mp4,stories-organized/bangladesh/chittagong/cox-bazar/06.mp4,2025-06-29T05:12:50,6,mp4,video,https://cdn.ashzaeen.com/bangladesh/chittagong/cox-bazar/06.mp4,bangladesh,chittagong,cox-bazar,Cox Bazar,Cox's Bazar
Cox Bazar,stories/Cox Bazar/ash_1221w_story_6_29_2025_6_34_51 AM3665627713399714668.mp4,stories-organized/bangladesh/chittagong/cox-bazar/07.mp4,2025-06-29T06:34:51,7,mp4,video,https://cdn.ashzaeen.com/bangladesh/chittagong/cox-bazar/07.mp4,bangladesh,chittagong,cox-bazar,Cox Bazar,Cox's Bazar
Cox Bazar,stories/Cox Bazar/ash_1221w_story_6_29_2025_3_59_57 PM3665912136305760910.mp4,stories-organized/bangladesh/chittagong/cox-bazar/08.mp4,2025-06-29T15:59:57,8,mp4,video,https://cdn.ashzaeen.com/bangladesh/chittagong/cox-bazar/08.mp4,bangladesh,chittagong,cox-bazar,Cox Bazar,Cox's Bazar
Cox Bazar,stories/Cox Bazar/ash_1221w_story_6_29_2025_4_11_41 PM3665917986722527286.mp4,stories-organized/bangladesh/chittagong/cox-bazar/09.mp4,2025-06-29T16:11:41,9,mp4,video,https://cdn.ashzaeen.com/bangladesh/chittagong/cox-bazar/09.mp4,bangladesh,chittagong,cox-bazar,Cox Bazar,Cox's Bazar
Cox Bazar,stories/Cox Bazar/ash_1221w_story_6_29_2025_11_35_18 PM3666141274257619491.mp4,stories-organized/bangladesh/chittagong/cox-bazar/10.mp4,2025-06-29T23:35:18,10,mp4,video,https://cdn.ashzaeen.com/bangladesh/chittagong/cox-bazar/10.mp4,bangladesh,chittagong,cox-bazar,Cox Bazar,Cox's Bazar
Cox Bazar,stories/Cox Bazar/ash_1221w_story_6_30_2025_4_07_45 AM3666278416933793543.mp4,stories-organized/bangladesh/chittagong/cox-bazar/11.mp4,2025-06-30T04:07:45,11,mp4,video,https://cdn.ashzaeen.com/bangladesh/chittagong/cox-bazar/11.mp4,bangladesh,chittagong,cox-bazar,Cox Bazar,Cox's Bazar
Cox Bazar,stories/Cox Bazar/ash_1221w_story_7_1_2025_8_24_36 AM3667132726118910811.mp4,stories-organized/bangladesh/chittagong/cox-bazar/12.mp4,2025-07-01T08:24:36,12,mp4,video,https://cdn.ashzaeen.com/bangladesh/chittagong/cox-bazar/12.mp4,bangladesh,chittagong,cox-bazar,Cox Bazar,Cox's Bazar
Cox Bazar,stories/Cox Bazar/ash_1221w_story_7_1_2025_8_28_10 AM3667134260713899221.mp4,stories-organized/bangladesh/chittagong/cox-bazar/13.mp4,2025-07-01T08:28:10,13,mp4,video,https://cdn.ashzaeen.com/bangladesh/chittagong/cox-bazar/13.mp4,bangladesh,chittagong,cox-bazar,Cox Bazar,Cox's Bazar
Cox Bazar,stories/Cox Bazar/ash_1221w_story_7_1_2025_10_47_23 AM3667204378387111740.mp4,stories-organized/bangladesh/chittagong/cox-bazar/14.mp4,2025-07-01T10:47:23,14,mp4,video,https://cdn.ashzaeen.com/bangladesh/chittagong/cox-bazar/14.mp4,bangladesh,chittagong,cox-bazar,Cox Bazar,Cox's Bazar
Cox Bazar,stories/Cox Bazar/ash_1221w_story_7_2_2025_4_28_29 AM3667738466680432946.mp4,stories-organized/bangladesh/chittagong/cox-bazar/15.mp4,2025-07-02T04:28:29,15,mp4,video,https://cdn.ashzaeen.com/bangladesh/chittagong/cox-bazar/15.mp4,bangladesh,chittagong,cox-bazar,Cox Bazar,Cox's Bazar
Cox Bazar,stories/Cox Bazar/ash_1221w_story_7_2_2025_5_58_46 AM3667783894666911161.mp4,stories-organized/bangladesh/chittagong/cox-bazar/16.mp4,2025-07-02T05:58:46,16,mp4,video,https://cdn.ashzaeen.com/bangladesh/chittagong/cox-bazar/16.mp4,bangladesh,chittagong,cox-bazar,Cox Bazar,Cox's Bazar
Dhaka,stories/Dhaka/ash_1221w_story_1_19_2024_9_39_53 AM3283794327352509221.mp4,stories-organized/bangladesh/dhaka/dhaka/01.mp4,2024-01-19T09:39:53,1,mp4,video,https://cdn.ashzaeen.com/bangladesh/dhaka/dhaka/01.mp4,bangladesh,dhaka,dhaka,Dhaka,Dhaka
Dhaka,stories/Dhaka/ash_1221w_story_2_27_2024_10_49_39 AM3312095622014430804.webp,stories-organized/bangladesh/dhaka/dhaka/02.webp,2024-02-27T10:49:39,2,webp,image,https://cdn.ashzaeen.com/bangladesh/dhaka/dhaka/02.webp,bangladesh,dhaka,dhaka,Dhaka,Dhaka
Dhaka,stories/Dhaka/ash_1221w_story_4_4_2024_5_28_43 PM3339082940914741082.mp4,stories-organized/bangladesh/dhaka/dhaka/03.mp4,2024-04-04T17:28:43,3,mp4,video,https://cdn.ashzaeen.com/bangladesh/dhaka/dhaka/03.mp4,bangladesh,dhaka,dhaka,Dhaka,Dhaka
Dhaka,stories/Dhaka/ash_1221w_story_6_7_2024_9_12_14 AM3385218785811809550.mp4,stories-organized/bangladesh/dhaka/dhaka/04.mp4,2024-06-07T09:12:14,4,mp4,video,https://cdn.ashzaeen.com/bangladesh/dhaka/dhaka/04.mp4,bangladesh,dhaka,dhaka,Dhaka,Dhaka
Dhaka,stories/Dhaka/ash_1221w_story_6_7_2024_9_21_42 AM3385223540223024645.mp4,stories-organized/bangladesh/dhaka/dhaka/05.mp4,2024-06-07T09:21:42,5,mp4,video,https://cdn.ashzaeen.com/bangladesh/dhaka/dhaka/05.mp4,bangladesh,dhaka,dhaka,Dhaka,Dhaka
Dhaka,stories/Dhaka/ash_1221w_story_6_7_2024_10_57_13 AM3385271606796024008.mp4,stories-organized/bangladesh/dhaka/dhaka/06.mp4,2024-06-07T10:57:13,6,mp4,video,https://cdn.ashzaeen.com/bangladesh/dhaka/dhaka/06.mp4,bangladesh,dhaka,dhaka,Dhaka,Dhaka
Dhaka,stories/Dhaka/ash_1221w_story_8_9_2024_1_16_52 PM3431002672911092467.mp4,stories-organized/bangladesh/dhaka/dhaka/07.mp4,2024-08-09T13:16:52,7,mp4,video,https://cdn.ashzaeen.com/bangladesh/dhaka/dhaka/07.mp4,bangladesh,dhaka,dhaka,Dhaka,Dhaka
Dhaka,stories/Dhaka/ash_1221w_story_5_19_2025_2_18_20 AM3635782830728314888.mp4,stories-organized/bangladesh/dhaka/dhaka/08.mp4,2025-05-19T02:18:20,8,mp4,video,https://cdn.ashzaeen.com/bangladesh/dhaka/dhaka/08.mp4,bangladesh,dhaka,dhaka,Dhaka,Dhaka
Dhaka,stories/Dhaka/ash_1221w_story_5_29_2025_1_10_26 PM3643358843683391092.mp4,stories-organized/bangladesh/dhaka/dhaka/09.mp4,2025-05-29T13:10:26,9,mp4,video,https://cdn.ashzaeen.com/bangladesh/dhaka/dhaka/09.mp4,bangladesh,dhaka,dhaka,Dhaka,Dhaka
Dhaka,stories/Dhaka/ash_1221w_story_6_8_2025_12_45_20 PM3650593921740097693.mp4,stories-organized/bangladesh/dhaka/dhaka/10.mp4,2025-06-08T12:45:20,10,mp4,video,https://cdn.ashzaeen.com/bangladesh/dhaka/dhaka/10.mp4,bangladesh,dhaka,dhaka,Dhaka,Dhaka
Dhaka,stories/Dhaka/ash_1221w_story_6_9_2025_6_41_57 AM3651135737728213617.mp4,stories-organized/bangladesh/dhaka/dhaka/11.mp4,2025-06-09T06:41:57,11,mp4,video,https://cdn.ashzaeen.com/bangladesh/dhaka/dhaka/11.mp4,bangladesh,dhaka,dhaka,Dhaka,Dhaka
Eureka Springs,stories/Eureka Springs/ash_1221w_story_11_30_2025_4_59_22 PM3777587722752649661.mp4,stories-organized/usa/arkansas/eureka-springs/01.mp4,2025-11-30T16:59:22,1,mp4,video,https://cdn.ashzaeen.com/usa/arkansas/eureka-springs/01.mp4,usa,arkansas,eureka-springs,"Eureka Springs, AR",Eureka Springs
Eureka Springs,stories/Eureka Springs/ash_1221w_story_12_6_2025_12_53_06 AM3781450006369553351.mp4,stories-organized/usa/arkansas/eureka-springs/02.mp4,2025-12-06T00:53:06,2,mp4,video,https://cdn.ashzaeen.com/usa/arkansas/eureka-springs/02.mp4,usa,arkansas,eureka-springs,"Eureka Springs, AR",Eureka Springs
Eureka Springs,stories/Eureka Springs/ash_1221w_story_12_6_2025_12_54_30 AM3781450698027060445.mp4,stories-organized/usa/arkansas/eureka-springs/03.mp4,2025-12-06T00:54:30,3,mp4,video,https://cdn.ashzaeen.com/usa/arkansas/eureka-springs/03.mp4,usa,arkansas,eureka-springs,"Eureka Springs, AR",Eureka Springs
Eureka Springs,stories/Eureka Springs/ash_1221w_story_12_8_2025_12_59_36 AM3782902830035036156.mp4,stories-organized/usa/arkansas/eureka-springs/04.mp4,2025-12-08T00:59:36,4,mp4,video,https://cdn.ashzaeen.com/usa/arkansas/eureka-springs/04.mp4,usa,arkansas,eureka-springs,"Eureka Springs, AR",Eureka Springs
Eureka Springs,stories/Eureka Springs/ash_1221w_story_12_8_2025_1_02_09 AM3782904115119406179.mp4,stories-organized/usa/arkansas/eureka-springs/05.mp4,2025-12-08T01:02:09,5,mp4,video,https://cdn.ashzaeen.com/usa/arkansas/eureka-springs/05.mp4,usa,arkansas,eureka-springs,"Eureka Springs, AR",Eureka Springs
Eureka Springs,stories/Eureka Springs/ash_1221w_story_12_8_2025_1_10_30 AM3782908282101759969.mp4,stories-organized/usa/arkansas/eureka-springs/06.mp4,2025-12-08T01:10:30,6,mp4,video,https://cdn.ashzaeen.com/usa/arkansas/eureka-springs/06.mp4,usa,arkansas,eureka-springs,"Eureka Springs, AR",Eureka Springs
Eureka Springs,stories/Eureka Springs/ash_1221w_story_12_8_2025_3_41_39 PM3783346734583894935.mp4,stories-organized/usa/arkansas/eureka-springs/07.mp4,2025-12-08T15:41:39,7,mp4,video,https://cdn.ashzaeen.com/usa/arkansas/eureka-springs/07.mp4,usa,arkansas,eureka-springs,"Eureka Springs, AR",Eureka Springs
Hot Springs,stories/Hot Springs/ash_1221w_story_12_10_2025_11_35_14 AM3784672274024625991.mp4,stories-organized/usa/arkansas/hot-springs/01.mp4,2025-12-10T11:35:14,1,mp4,video,https://cdn.ashzaeen.com/usa/arkansas/hot-springs/01.mp4,usa,arkansas,hot-springs,"Hot Springs, AR",Hot Springs
Hot Springs,stories/Hot Springs/ash_1221w_story_12_10_2025_11_39_52 AM3784674599908776525.mp4,stories-organized/usa/arkansas/hot-springs/02.mp4,2025-12-10T11:39:52,2,mp4,video,https://cdn.ashzaeen.com/usa/arkansas/hot-springs/02.mp4,usa,arkansas,hot-springs,"Hot Springs, AR",Hot Springs
Hot Springs,stories/Hot Springs/ash_1221w_story_12_10_2025_12_53_16 PM3784711619154613470.mp4,stories-organized/usa/arkansas/hot-springs/03.mp4,2025-12-10T12:53:16,3,mp4,video,https://cdn.ashzaeen.com/usa/arkansas/hot-springs/03.mp4,usa,arkansas,hot-springs,"Hot Springs, AR",Hot Springs
Hot Springs,stories/Hot Springs/ash_1221w_story_12_11_2025_4_41_54 AM3785189018737490340.mp4,stories-organized/usa/arkansas/hot-springs/04.mp4,2025-12-11T04:41:54,4,mp4,video,https://cdn.ashzaeen.com/usa/arkansas/hot-springs/04.mp4,usa,arkansas,hot-springs,"Hot Springs, AR",Hot Springs
Houston,stories/Houston/ash_1221w_story_8_31_2025_5_14_43 PM3711610711030440940.mp4,stories-organized/usa/texas/houston/01.mp4,2025-08-31T17:14:43,1,mp4,video,https://cdn.ashzaeen.com/usa/texas/houston/01.mp4,usa,texas,houston,"Houston, TX",Houston
Houston,stories/Houston/ash_1221w_story_8_31_2025_5_57_38 PM3711632199288734692.mp4,stories-organized/usa/texas/houston/02.mp4,2025-08-31T17:57:38,2,mp4,video,https://cdn.ashzaeen.com/usa/texas/houston/02.mp4,usa,texas,houston,"Houston, TX",Houston
Istanbul,stories/Istanbul/ash_1221w_story_8_10_2024_3_58_51 PM3431809045149887090.mp4,stories-organized/turkey/istanbul/01.mp4,2024-08-10T15:58:51,1,mp4,video,https://cdn.ashzaeen.com/turkey/istanbul/01.mp4,turkey,,istanbul,Istanbul,Istanbul
Istanbul,stories/Istanbul/ash_1221w_story_8_17_2025_12_52_23 PM3701331746411442637.mp4,stories-organized/turkey/istanbul/02.mp4,2025-08-17T12:52:23,2,mp4,video,https://cdn.ashzaeen.com/turkey/istanbul/02.mp4,turkey,,istanbul,Istanbul,Istanbul
Las Vegas,stories/Las Vegas/ash_1221w_story_12_30_2024_11_07_22 PM3534973058018681493.mp4,stories-organized/usa/nevada/las-vegas/01.mp4,2024-12-30T23:07:22,1,mp4,video,https://cdn.ashzaeen.com/usa/nevada/las-vegas/01.mp4,usa,nevada,las-vegas,"Las Vegas, NV",Las Vegas
Las Vegas,stories/Las Vegas/ash_1221w_story_12_31_2024_3_03_27 AM3535091933116819479.mp4,stories-organized/usa/nevada/las-vegas/02.mp4,2024-12-31T03:03:27,2,mp4,video,https://cdn.ashzaeen.com/usa/nevada/las-vegas/02.mp4,usa,nevada,las-vegas,"Las Vegas, NV",Las Vegas
Mount Scott,stories/Mount Scott/ash_1221w_story_4_12_2025_10_17_13 PM3609569507048745202.mp4,stories-organized/usa/oklahoma/mount-scott/01.mp4,2025-04-12T22:17:13,1,mp4,video,https://cdn.ashzaeen.com/usa/oklahoma/mount-scott/01.mp4,usa,oklahoma,mount-scott,"Mt Scott, OK",Mount Scott
Mount Scott,stories/Mount Scott/ash_1221w_story_4_12_2025_10_38_13 PM3609580026371627906.mp4,stories-organized/usa/oklahoma/mount-scott/02.mp4,2025-04-12T22:38:13,2,mp4,video,https://cdn.ashzaeen.com/usa/oklahoma/mount-scott/02.mp4,usa,oklahoma,mount-scott,"Mt Scott, OK",Mount Scott
Mount Scott,stories/Mount Scott/ash_1221w_story_4_13_2025_1_03_50 AM3609653376326317067.mp4,stories-organized/usa/oklahoma/mount-scott/03.mp4,2025-04-13T01:03:50,3,mp4,video,https://cdn.ashzaeen.com/usa/oklahoma/mount-scott/03.mp4,usa,oklahoma,mount-scott,"Mt Scott, OK",Mount Scott
Nashville,stories/Nashville/ash_1221w_story_12_8_2025_11_57_06 PM3783596170019744878.mp4,stories-organized/usa/tennessee/nashville/01.mp4,2025-12-08T23:57:06,1,mp4,video,https://cdn.ashzaeen.com/usa/tennessee/nashville/01.mp4,usa,tennessee,nashville,"Nashville, TN",Nashville
Nashville,stories/Nashville/ash_1221w_story_12_9_2025_11_24_47 AM3783942242973936640.mp4,stories-organized/usa/tennessee/nashville/02.mp4,2025-12-09T11:24:47,2,mp4,video,https://cdn.ashzaeen.com/usa/tennessee/nashville/02.mp4,usa,tennessee,nashville,"Nashville, TN",Nashville
Nashville,stories/Nashville/ash_1221w_story_12_9_2025_12_43_14 PM3783981767619330486.mp4,stories-organized/usa/tennessee/nashville/03.mp4,2025-12-09T12:43:14,3,mp4,video,https://cdn.ashzaeen.com/usa/tennessee/nashville/03.mp4,usa,tennessee,nashville,"Nashville, TN",Nashville
Nashville,stories/Nashville/ash_1221w_story_12_9_2025_12_48_36 PM3783984431530874331.mp4,stories-organized/usa/tennessee/nashville/04.mp4,2025-12-09T12:48:36,4,mp4,video,https://cdn.ashzaeen.com/usa/tennessee/nashville/04.mp4,usa,tennessee,nashville,"Nashville, TN",Nashville
Nashville,stories/Nashville/ash_1221w_story_12_9_2025_11_46_14 PM3784315524881454823.mp4,stories-organized/usa/tennessee/nashville/05.mp4,2025-12-09T23:46:14,5,mp4,video,https://cdn.ashzaeen.com/usa/tennessee/nashville/05.mp4,usa,tennessee,nashville,"Nashville, TN",Nashville
New Orleans,stories/New Orleans/ash_1221w_story_4_25_2026_2_01_06 AM3882922522164944921.mp4,stories-organized/usa/louisiana/new-orleans/01.mp4,2026-04-25T02:01:06,1,mp4,video,https://cdn.ashzaeen.com/usa/louisiana/new-orleans/01.mp4,usa,louisiana,new-orleans,"New Orleans, LA",New Orleans
New Orleans,stories/New Orleans/ash_1221w_story_4_25_2026_2_27_17 AM3882935642644116541.mp4,stories-organized/usa/louisiana/new-orleans/02.mp4,2026-04-25T02:27:17,2,mp4,video,https://cdn.ashzaeen.com/usa/louisiana/new-orleans/02.mp4,usa,louisiana,new-orleans,"New Orleans, LA",New Orleans
New Orleans,stories/New Orleans/ash_1221w_story_4_25_2026_12_56_02 PM3883252098887950261.mp4,stories-organized/usa/louisiana/new-orleans/03.mp4,2026-04-25T12:56:02,3,mp4,video,https://cdn.ashzaeen.com/usa/louisiana/new-orleans/03.mp4,usa,louisiana,new-orleans,"New Orleans, LA",New Orleans
New Orleans,stories/New Orleans/ash_1221w_story_4_25_2026_7_05_23 PM3883427885876356783.mp4,stories-organized/usa/louisiana/new-orleans/04.mp4,2026-04-25T19:05:23,4,mp4,video,https://cdn.ashzaeen.com/usa/louisiana/new-orleans/04.mp4,usa,louisiana,new-orleans,"New Orleans, LA",New Orleans
New Orleans,stories/New Orleans/ash_1221w_story_4_26_2026_2_41_29 AM3883667475199493360.mp4,stories-organized/usa/louisiana/new-orleans/05.mp4,2026-04-26T02:41:29,5,mp4,video,https://cdn.ashzaeen.com/usa/louisiana/new-orleans/05.mp4,usa,louisiana,new-orleans,"New Orleans, LA",New Orleans
New Orleans,stories/New Orleans/ash_1221w_story_4_26_2026_4_06_28 PM3884072446659239324.mp4,stories-organized/usa/louisiana/new-orleans/06.mp4,2026-04-26T16:06:28,6,mp4,video,https://cdn.ashzaeen.com/usa/louisiana/new-orleans/06.mp4,usa,louisiana,new-orleans,"New Orleans, LA",New Orleans
New Orleans,stories/New Orleans/ash_1221w_story_4_26_2026_4_08_46 PM3884073739410845437.mp4,stories-organized/usa/louisiana/new-orleans/07.mp4,2026-04-26T16:08:46,7,mp4,video,https://cdn.ashzaeen.com/usa/louisiana/new-orleans/07.mp4,usa,louisiana,new-orleans,"New Orleans, LA",New Orleans
New Orleans,stories/New Orleans/ash_1221w_story_4_27_2026_2_43_39 AM3884393462849694829.mp4,stories-organized/usa/louisiana/new-orleans/08.mp4,2026-04-27T02:43:39,8,mp4,video,https://cdn.ashzaeen.com/usa/louisiana/new-orleans/08.mp4,usa,louisiana,new-orleans,"New Orleans, LA",New Orleans
New Orleans,stories/New Orleans/ash_1221w_story_4_27_2026_2_46_05 AM3884394478559111215.mp4,stories-organized/usa/louisiana/new-orleans/09.mp4,2026-04-27T02:46:05,9,mp4,video,https://cdn.ashzaeen.com/usa/louisiana/new-orleans/09.mp4,usa,louisiana,new-orleans,"New Orleans, LA",New Orleans
New Orleans,stories/New Orleans/ash_1221w_story_4_27_2026_4_17_33 PM3884802781328015603.mp4,stories-organized/usa/louisiana/new-orleans/10.mp4,2026-04-27T16:17:33,10,mp4,video,https://cdn.ashzaeen.com/usa/louisiana/new-orleans/10.mp4,usa,louisiana,new-orleans,"New Orleans, LA",New Orleans
New Orleans,stories/New Orleans/ash_1221w_story_4_28_2026_5_47_54 AM3885210895864944554.mp4,stories-organized/usa/louisiana/new-orleans/11.mp4,2026-04-28T05:47:54,11,mp4,video,https://cdn.ashzaeen.com/usa/louisiana/new-orleans/11.mp4,usa,louisiana,new-orleans,"New Orleans, LA",New Orleans
New Orleans,stories/New Orleans/ash_1221w_story_4_28_2026_5_49_15 AM3885211585215568463.mp4,stories-organized/usa/louisiana/new-orleans/12.mp4,2026-04-28T05:49:15,12,mp4,video,https://cdn.ashzaeen.com/usa/louisiana/new-orleans/12.mp4,usa,louisiana,new-orleans,"New Orleans, LA",New Orleans
New York City,stories/New York City/ash_1221w_story_12_17_2024_12_24_26 AM3524864996888184501.mp4,stories-organized/usa/new-york/new-york-city/01.mp4,2024-12-17T00:24:26,1,mp4,video,https://cdn.ashzaeen.com/usa/new-york/new-york-city/01.mp4,usa,new-york,new-york-city,"New York City, NY",New York City
New York City,stories/New York City/ash_1221w_story_12_17_2024_6_48_48 AM3525058636109478624.mp4,stories-organized/usa/new-york/new-york-city/02.mp4,2024-12-17T06:48:48,2,mp4,video,https://cdn.ashzaeen.com/usa/new-york/new-york-city/02.mp4,usa,new-york,new-york-city,"New York City, NY",New York City
New York City,stories/New York City/ash_1221w_story_12_17_2024_9_51_07 PM3525512546179665902.mp4,stories-organized/usa/new-york/new-york-city/03.mp4,2024-12-17T21:51:07,3,mp4,video,https://cdn.ashzaeen.com/usa/new-york/new-york-city/03.mp4,usa,new-york,new-york-city,"New York City, NY",New York City
New York City,stories/New York City/ash_1221w_story_12_17_2024_10_03_53 PM3525518973413725858.mp4,stories-organized/usa/new-york/new-york-city/04.mp4,2024-12-17T22:03:53,4,mp4,video,https://cdn.ashzaeen.com/usa/new-york/new-york-city/04.mp4,usa,new-york,new-york-city,"New York City, NY",New York City
New York City,stories/New York City/ash_1221w_story_12_17_2024_10_25_18 PM3525529849277603489.mp4,stories-organized/usa/new-york/new-york-city/05.mp4,2024-12-17T22:25:18,5,mp4,video,https://cdn.ashzaeen.com/usa/new-york/new-york-city/05.mp4,usa,new-york,new-york-city,"New York City, NY",New York City
New York City,stories/New York City/ash_1221w_story_12_17_2024_11_04_34 PM3525549525344749217.mp4,stories-organized/usa/new-york/new-york-city/06.mp4,2024-12-17T23:04:34,6,mp4,video,https://cdn.ashzaeen.com/usa/new-york/new-york-city/06.mp4,usa,new-york,new-york-city,"New York City, NY",New York City
New York City,stories/New York City/ash_1221w_story_12_17_2024_11_43_32 PM3525569252633030939.mp4,stories-organized/usa/new-york/new-york-city/07.mp4,2024-12-17T23:43:32,7,mp4,video,https://cdn.ashzaeen.com/usa/new-york/new-york-city/07.mp4,usa,new-york,new-york-city,"New York City, NY",New York City
New York City,stories/New York City/ash_1221w_story_12_18_2024_2_57_24 PM3526029142892549601.mp4,stories-organized/usa/new-york/new-york-city/08.mp4,2024-12-18T14:57:24,8,mp4,video,https://cdn.ashzaeen.com/usa/new-york/new-york-city/08.mp4,usa,new-york,new-york-city,"New York City, NY",New York City
New York City,stories/New York City/ash_1221w_story_12_18_2024_3_56_27 PM3526058840611834448.jpg,stories-organized/usa/new-york/new-york-city/09.jpg,2024-12-18T15:56:27,9,jpg,image,https://cdn.ashzaeen.com/usa/new-york/new-york-city/09.jpg,usa,new-york,new-york-city,"New York City, NY",New York City
New York City,stories/New York City/ash_1221w_story_12_18_2024_10_23_22 PM3526253555620635925.mp4,stories-organized/usa/new-york/new-york-city/10.mp4,2024-12-18T22:23:22,10,mp4,video,https://cdn.ashzaeen.com/usa/new-york/new-york-city/10.mp4,usa,new-york,new-york-city,"New York City, NY",New York City
New York City,stories/New York City/ash_1221w_story_12_18_2024_11_42_25 PM3526293393816385532.mp4,stories-organized/usa/new-york/new-york-city/11.mp4,2024-12-18T23:42:25,11,mp4,video,https://cdn.ashzaeen.com/usa/new-york/new-york-city/11.mp4,usa,new-york,new-york-city,"New York City, NY",New York City
New York City,stories/New York City/ash_1221w_story_12_19_2024_2_25_20 AM3526375385798921716.mp4,stories-organized/usa/new-york/new-york-city/12.mp4,2024-12-19T02:25:20,12,mp4,video,https://cdn.ashzaeen.com/usa/new-york/new-york-city/12.mp4,usa,new-york,new-york-city,"New York City, NY",New York City
New York City,stories/New York City/ash_1221w_story_12_19_2024_6_29_05 AM3526498026157275266.mp4,stories-organized/usa/new-york/new-york-city/13.mp4,2024-12-19T06:29:05,13,mp4,video,https://cdn.ashzaeen.com/usa/new-york/new-york-city/13.mp4,usa,new-york,new-york-city,"New York City, NY",New York City
New York City,stories/New York City/ash_1221w_story_12_19_2024_6_30_21 PM3526861045610771339.mp4,stories-organized/usa/new-york/new-york-city/14.mp4,2024-12-19T18:30:21,14,mp4,video,https://cdn.ashzaeen.com/usa/new-york/new-york-city/14.mp4,usa,new-york,new-york-city,"New York City, NY",New York City
New York City,stories/New York City/ash_1221w_story_12_19_2024_11_00_19 PM3526996921539046683.mp4,stories-organized/usa/new-york/new-york-city/15.mp4,2024-12-19T23:00:19,15,mp4,video,https://cdn.ashzaeen.com/usa/new-york/new-york-city/15.mp4,usa,new-york,new-york-city,"New York City, NY",New York City
New York City,stories/New York City/ash_1221w_story_12_19_2024_11_00_39 PM3526997086551176758.mp4,stories-organized/usa/new-york/new-york-city/16.mp4,2024-12-19T23:00:39,16,mp4,video,https://cdn.ashzaeen.com/usa/new-york/new-york-city/16.mp4,usa,new-york,new-york-city,"New York City, NY",New York City
New York City,stories/New York City/ash_1221w_story_12_20_2024_4_28_57 PM3527524949139461018.mp4,stories-organized/usa/new-york/new-york-city/17.mp4,2024-12-20T16:28:57,17,mp4,video,https://cdn.ashzaeen.com/usa/new-york/new-york-city/17.mp4,usa,new-york,new-york-city,"New York City, NY",New York City
New York City,stories/New York City/ash_1221w_story_12_20_2024_4_32_21 PM3527526426977442623.mp4,stories-organized/usa/new-york/new-york-city/18.mp4,2024-12-20T16:32:21,18,mp4,video,https://cdn.ashzaeen.com/usa/new-york/new-york-city/18.mp4,usa,new-york,new-york-city,"New York City, NY",New York City
Niagara,stories/Niagara/ash_1221w_story_9_28_2024_1_02_43 PM3467234426009394801.mp4,stories-organized/usa/new-york/niagara/01.mp4,2024-09-28T13:02:43,1,mp4,video,https://cdn.ashzaeen.com/usa/new-york/niagara/01.mp4,usa,new-york,niagara,"Niagara, NY",Niagara Falls
Niagara,stories/Niagara/ash_1221w_story_9_28_2024_5_56_31 PM3467382299963179049.mp4,stories-organized/usa/new-york/niagara/02.mp4,2024-09-28T17:56:31,2,mp4,video,https://cdn.ashzaeen.com/usa/new-york/niagara/02.mp4,usa,new-york,niagara,"Niagara, NY",Niagara Falls
Niagara,stories/Niagara/ash_1221w_story_9_28_2024_6_15_15 PM3467391680708626966.jpg,stories-organized/usa/new-york/niagara/03.jpg,2024-09-28T18:15:15,3,jpg,image,https://cdn.ashzaeen.com/usa/new-york/niagara/03.jpg,usa,new-york,niagara,"Niagara, NY",Niagara Falls
Niagara,stories/Niagara/ash_1221w_story_9_28_2024_6_17_06 PM3467392593842207897.jpg,stories-organized/usa/new-york/niagara/04.jpg,2024-09-28T18:17:06,4,jpg,image,https://cdn.ashzaeen.com/usa/new-york/niagara/04.jpg,usa,new-york,niagara,"Niagara, NY",Niagara Falls
Niagara,stories/Niagara/ash_1221w_story_9_28_2024_7_49_06 PM3467438958986518906.mp4,stories-organized/usa/new-york/niagara/05.mp4,2024-09-28T19:49:06,5,mp4,video,https://cdn.ashzaeen.com/usa/new-york/niagara/05.mp4,usa,new-york,niagara,"Niagara, NY",Niagara Falls
Pabna,stories/Pabna/ash_1221w_story_6_15_2025_3_55_21 PM3655762997211359788.mp4,stories-organized/bangladesh/rajshahi/pabna/01.mp4,2025-06-15T15:55:21,1,mp4,video,https://cdn.ashzaeen.com/bangladesh/rajshahi/pabna/01.mp4,bangladesh,rajshahi,pabna,Pabna,Pabna
Pabna,stories/Pabna/ash_1221w_story_6_15_2025_4_40_51 PM3655785814929900984.mp4,stories-organized/bangladesh/rajshahi/pabna/02.mp4,2025-06-15T16:40:51,2,mp4,video,https://cdn.ashzaeen.com/bangladesh/rajshahi/pabna/02.mp4,bangladesh,rajshahi,pabna,Pabna,Pabna
Pabna,stories/Pabna/ash_1221w_story_6_16_2025_6_05_34 PM3656553277044419150.mp4,stories-organized/bangladesh/rajshahi/pabna/03.mp4,2025-06-16T18:05:34,3,mp4,video,https://cdn.ashzaeen.com/bangladesh/rajshahi/pabna/03.mp4,bangladesh,rajshahi,pabna,Pabna,Pabna
Pabna,stories/Pabna/ash_1221w_story_6_16_2025_6_31_38 PM3656566402934208056.mp4,stories-organized/bangladesh/rajshahi/pabna/04.mp4,2025-06-16T18:31:38,4,mp4,video,https://cdn.ashzaeen.com/bangladesh/rajshahi/pabna/04.mp4,bangladesh,rajshahi,pabna,Pabna,Pabna
Pabna,stories/Pabna/ash_1221w_story_6_17_2025_2_06_50 AM3656795462197194029.mp4,stories-organized/bangladesh/rajshahi/pabna/05.mp4,2025-06-17T02:06:50,5,mp4,video,https://cdn.ashzaeen.com/bangladesh/rajshahi/pabna/05.mp4,bangladesh,rajshahi,pabna,Pabna,Pabna
Pabna,stories/Pabna/ash_1221w_story_6_17_2025_2_08_07 AM3656796160112595057.mp4,stories-organized/bangladesh/rajshahi/pabna/06.mp4,2025-06-17T02:08:07,6,mp4,video,https://cdn.ashzaeen.com/bangladesh/rajshahi/pabna/06.mp4,bangladesh,rajshahi,pabna,Pabna,Pabna
Pabna,stories/Pabna/ash_1221w_story_6_17_2025_9_57_15 AM3657032284655350585.mp4,stories-organized/bangladesh/rajshahi/pabna/07.mp4,2025-06-17T09:57:15,7,mp4,video,https://cdn.ashzaeen.com/bangladesh/rajshahi/pabna/07.mp4,bangladesh,rajshahi,pabna,Pabna,Pabna
Pabna,stories/Pabna/ash_1221w_story_6_18_2025_2_18_09 AM3657525946837588650.mp4,stories-organized/bangladesh/rajshahi/pabna/08.mp4,2025-06-18T02:18:09,8,mp4,video,https://cdn.ashzaeen.com/bangladesh/rajshahi/pabna/08.mp4,bangladesh,rajshahi,pabna,Pabna,Pabna
Pabna,stories/Pabna/ash_1221w_story_6_18_2025_2_24_23 AM3657529114015134505.mp4,stories-organized/bangladesh/rajshahi/pabna/09.mp4,2025-06-18T02:24:23,9,mp4,video,https://cdn.ashzaeen.com/bangladesh/rajshahi/pabna/09.mp4,bangladesh,rajshahi,pabna,Pabna,Pabna
Panchagarh,stories/Panchagarh/ash_1221w_story_6_20_2025_11_46_01 PM3659623742612834414.mp4,stories-organized/bangladesh/rangpur/panchagarh/01.mp4,2025-06-20T23:46:01,1,mp4,video,https://cdn.ashzaeen.com/bangladesh/rangpur/panchagarh/01.mp4,bangladesh,rangpur,panchagarh,Panchagarh,Panchagarh
Panchagarh,stories/Panchagarh/ash_1221w_story_6_21_2025_8_16_37 PM3660243071486261934.mp4,stories-organized/bangladesh/rangpur/panchagarh/02.mp4,2025-06-21T20:16:37,2,mp4,video,https://cdn.ashzaeen.com/bangladesh/rangpur/panchagarh/02.mp4,bangladesh,rangpur,panchagarh,Panchagarh,Panchagarh
Panchagarh,stories/Panchagarh/ash_1221w_story_6_21_2025_11_30_36 PM3660340744646123322.mp4,stories-organized/bangladesh/rangpur/panchagarh/03.mp4,2025-06-21T23:30:36,3,mp4,video,https://cdn.ashzaeen.com/bangladesh/rangpur/panchagarh/03.mp4,bangladesh,rangpur,panchagarh,Panchagarh,Panchagarh
Panchagarh,stories/Panchagarh/ash_1221w_story_6_21_2025_11_39_00 PM3660344933715731963.mp4,stories-organized/bangladesh/rangpur/panchagarh/04.mp4,2025-06-21T23:39:00,4,mp4,video,https://cdn.ashzaeen.com/bangladesh/rangpur/panchagarh/04.mp4,bangladesh,rangpur,panchagarh,Panchagarh,Panchagarh
Panchagarh,stories/Panchagarh/ash_1221w_story_6_22_2025_10_40_17 AM3660677773154316381.mp4,stories-organized/bangladesh/rangpur/panchagarh/05.mp4,2025-06-22T10:40:17,5,mp4,video,https://cdn.ashzaeen.com/bangladesh/rangpur/panchagarh/05.mp4,bangladesh,rangpur,panchagarh,Panchagarh,Panchagarh
Panchagarh,stories/Panchagarh/ash_1221w_story_6_23_2025_4_29_04 AM3661215744416777901.mp4,stories-organized/bangladesh/rangpur/panchagarh/06.mp4,2025-06-23T04:29:04,6,mp4,video,https://cdn.ashzaeen.com/bangladesh/rangpur/panchagarh/06.mp4,bangladesh,rangpur,panchagarh,Panchagarh,Panchagarh
Panchagarh,stories/Panchagarh/ash_1221w_story_6_23_2025_4_32_24 AM3661217455390719271.mp4,stories-organized/bangladesh/rangpur/panchagarh/07.mp4,2025-06-23T04:32:24,7,mp4,video,https://cdn.ashzaeen.com/bangladesh/rangpur/panchagarh/07.mp4,bangladesh,rangpur,panchagarh,Panchagarh,Panchagarh
Pittsburgh,stories/Pittsburgh/ash_1221w_story_9_29_2024_7_19_37 PM3468148859971700683.mp4,stories-organized/usa/pennsylvania/pittsburgh/01.mp4,2024-09-29T19:19:37,1,mp4,video,https://cdn.ashzaeen.com/usa/pennsylvania/pittsburgh/01.mp4,usa,pennsylvania,pittsburgh,"Pittsburgh, PA",Pittsburgh
Pittsburgh,stories/Pittsburgh/ash_1221w_story_9_29_2024_10_39_29 PM3468249463187540231.mp4,stories-organized/usa/pennsylvania/pittsburgh/02.mp4,2024-09-29T22:39:29,2,mp4,video,https://cdn.ashzaeen.com/usa/pennsylvania/pittsburgh/02.mp4,usa,pennsylvania,pittsburgh,"Pittsburgh, PA",Pittsburgh
Rajshahi,stories/Rajshahi/ash_1221w_story_6_19_2025_8_16_52 AM3658431297967459658.mp4,stories-organized/bangladesh/rajshahi/rajshahi/01.mp4,2025-06-19T08:16:52,1,mp4,video,https://cdn.ashzaeen.com/bangladesh/rajshahi/rajshahi/01.mp4,bangladesh,rajshahi,rajshahi,Rajshahi,Rajshahi
Rajshahi,stories/Rajshahi/ash_1221w_story_6_19_2025_10_28_52 AM3658498018355137730.mp4,stories-organized/bangladesh/rajshahi/rajshahi/02.mp4,2025-06-19T10:28:52,2,mp4,video,https://cdn.ashzaeen.com/bangladesh/rajshahi/rajshahi/02.mp4,bangladesh,rajshahi,rajshahi,Rajshahi,Rajshahi
Rajshahi,stories/Rajshahi/ash_1221w_story_6_20_2025_10_19_10 AM3659217626452151724.mp4,stories-organized/bangladesh/rajshahi/rajshahi/03.mp4,2025-06-20T10:19:10,3,mp4,video,https://cdn.ashzaeen.com/bangladesh/rajshahi/rajshahi/03.mp4,bangladesh,rajshahi,rajshahi,Rajshahi,Rajshahi
Rajshahi,stories/Rajshahi/ash_1221w_story_6_20_2025_10_30_50 AM3659223483537652249.mp4,stories-organized/bangladesh/rajshahi/rajshahi/04.mp4,2025-06-20T10:30:50,4,mp4,video,https://cdn.ashzaeen.com/bangladesh/rajshahi/rajshahi/04.mp4,bangladesh,rajshahi,rajshahi,Rajshahi,Rajshahi
Rajshahi,stories/Rajshahi/ash_1221w_story_6_20_2025_12_50_39 PM3659293842316184462.mp4,stories-organized/bangladesh/rajshahi/rajshahi/05.mp4,2025-06-20T12:50:39,5,mp4,video,https://cdn.ashzaeen.com/bangladesh/rajshahi/rajshahi/05.mp4,bangladesh,rajshahi,rajshahi,Rajshahi,Rajshahi
Salt Lake,stories/Salt Lake/ash_1221w_story_1_1_2025_12_44_15 AM3535746619964427273.mp4,stories-organized/usa/utah/salt-lake-city/01.mp4,2025-01-01T00:44:15,1,mp4,video,https://cdn.ashzaeen.com/usa/utah/salt-lake-city/01.mp4,usa,utah,salt-lake-city,"Salt lake, UT",Salt Lake City
Salt Lake,stories/Salt Lake/ash_1221w_story_1_1_2025_3_08_18 AM3535819154487779732.mp4,stories-organized/usa/utah/salt-lake-city/02.mp4,2025-01-01T03:08:18,2,mp4,video,https://cdn.ashzaeen.com/usa/utah/salt-lake-city/02.mp4,usa,utah,salt-lake-city,"Salt lake, UT",Salt Lake City
Salt Lake,stories/Salt Lake/ash_1221w_story_1_1_2025_3_43_04 AM3535836625106192767.mp4,stories-organized/usa/utah/salt-lake-city/03.mp4,2025-01-01T03:43:04,3,mp4,video,https://cdn.ashzaeen.com/usa/utah/salt-lake-city/03.mp4,usa,utah,salt-lake-city,"Salt lake, UT",Salt Lake City
Salt Lake,stories/Salt Lake/ash_1221w_story_1_2_2025_12_07_11 AM3536452714861195742.mp4,stories-organized/usa/utah/salt-lake-city/04.mp4,2025-01-02T00:07:11,4,mp4,video,https://cdn.ashzaeen.com/usa/utah/salt-lake-city/04.mp4,usa,utah,salt-lake-city,"Salt lake, UT",Salt Lake City
Salt Lake,stories/Salt Lake/ash_1221w_story_1_2_2025_10_09_23 PM3537118199196075133.mp4,stories-organized/usa/utah/salt-lake-city/05.mp4,2025-01-02T22:09:23,5,mp4,video,https://cdn.ashzaeen.com/usa/utah/salt-lake-city/05.mp4,usa,utah,salt-lake-city,"Salt lake, UT",Salt Lake City
Salt Lake,stories/Salt Lake/ash_1221w_story_1_5_2025_12_03_11 AM3538625017522958182.mp4,stories-organized/usa/utah/salt-lake-city/06.mp4,2025-01-05T00:03:11,6,mp4,video,https://cdn.ashzaeen.com/usa/utah/salt-lake-city/06.mp4,usa,utah,salt-lake-city,"Salt lake, UT",Salt Lake City
Salt Lake,stories/Salt Lake/ash_1221w_story_1_5_2025_1_16_43 AM3538662033472223949.mp4,stories-organized/usa/utah/salt-lake-city/07.mp4,2025-01-05T01:16:43,7,mp4,video,https://cdn.ashzaeen.com/usa/utah/salt-lake-city/07.mp4,usa,utah,salt-lake-city,"Salt lake, UT",Salt Lake City
Salt Lake,stories/Salt Lake/ash_1221w_story_1_5_2025_11_35_56 PM3539336105973640267.mp4,stories-organized/usa/utah/salt-lake-city/08.mp4,2025-01-05T23:35:56,8,mp4,video,https://cdn.ashzaeen.com/usa/utah/salt-lake-city/08.mp4,usa,utah,salt-lake-city,"Salt lake, UT",Salt Lake City
Salt Lake,stories/Salt Lake/ash_1221w_story_1_5_2025_11_36_23 PM3539336301688258633.mp4,stories-organized/usa/utah/salt-lake-city/09.mp4,2025-01-05T23:36:23,9,mp4,video,https://cdn.ashzaeen.com/usa/utah/salt-lake-city/09.mp4,usa,utah,salt-lake-city,"Salt lake, UT",Salt Lake City
Salt Lake,stories/Salt Lake/ash_1221w_story_1_5_2025_11_50_39 PM3539343480449337886.mp4,stories-organized/usa/utah/salt-lake-city/10.mp4,2025-01-05T23:50:39,10,mp4,video,https://cdn.ashzaeen.com/usa/utah/salt-lake-city/10.mp4,usa,utah,salt-lake-city,"Salt lake, UT",Salt Lake City
Salt Lake,stories/Salt Lake/ash_1221w_story_1_10_2025_8_20_54 PM3542861854229739787.mp4,stories-organized/usa/utah/salt-lake-city/11.mp4,2025-01-10T20:20:54,11,mp4,video,https://cdn.ashzaeen.com/usa/utah/salt-lake-city/11.mp4,usa,utah,salt-lake-city,"Salt lake, UT",Salt Lake City
Santa Fe,stories/Santa Fe/ash_1221w_story_3_12_2025_8_46_15 AM3586693249457951688.mp4,stories-organized/usa/new-mexico/santa-fe/01.mp4,2025-03-12T08:46:15,1,mp4,video,https://cdn.ashzaeen.com/usa/new-mexico/santa-fe/01.mp4,usa,new-mexico,santa-fe,"Santa Fe, NM",Santa Fe
Santa Fe,stories/Santa Fe/ash_1221w_story_3_12_2025_9_29_33 AM3586715044722288158.mp4,stories-organized/usa/new-mexico/santa-fe/02.mp4,2025-03-12T09:29:33,2,mp4,video,https://cdn.ashzaeen.com/usa/new-mexico/santa-fe/02.mp4,usa,new-mexico,santa-fe,"Santa Fe, NM",Santa Fe
Shenandoah,stories/Shenandoah/ash_1221w_story_12_23_2025_12_26_08 AM3793757583568717013.mp4,stories-organized/usa/virginia/shenandoah/01.mp4,2025-12-23T00:26:08,1,mp4,video,https://cdn.ashzaeen.com/usa/virginia/shenandoah/01.mp4,usa,virginia,shenandoah,"Shenandoah, VA",Shenandoah
Shenandoah,stories/Shenandoah/ash_1221w_story_12_24_2025_4_41_20 AM3794610857339424174.mp4,stories-organized/usa/virginia/shenandoah/02.mp4,2025-12-24T04:41:20,2,mp4,video,https://cdn.ashzaeen.com/usa/virginia/shenandoah/02.mp4,usa,virginia,shenandoah,"Shenandoah, VA",Shenandoah
Shenandoah,stories/Shenandoah/ash_1221w_story_12_24_2025_4_49_07 AM3794614783853883722.mp4,stories-organized/usa/virginia/shenandoah/03.mp4,2025-12-24T04:49:07,3,mp4,video,https://cdn.ashzaeen.com/usa/virginia/shenandoah/03.mp4,usa,virginia,shenandoah,"Shenandoah, VA",Shenandoah
Shenandoah,stories/Shenandoah/ash_1221w_story_12_24_2025_4_52_29 AM3794616472119984410.mp4,stories-organized/usa/virginia/shenandoah/04.mp4,2025-12-24T04:52:29,4,mp4,video,https://cdn.ashzaeen.com/usa/virginia/shenandoah/04.mp4,usa,virginia,shenandoah,"Shenandoah, VA",Shenandoah
Shenandoah,stories/Shenandoah/ash_1221w_story_12_29_2025_4_08_01 PM3798580383680801107.mp4,stories-organized/usa/virginia/shenandoah/05.mp4,2025-12-29T16:08:01,5,mp4,video,https://cdn.ashzaeen.com/usa/virginia/shenandoah/05.mp4,usa,virginia,shenandoah,"Shenandoah, VA",Shenandoah
Shenandoah,stories/Shenandoah/ash_1221w_story_12_30_2025_9_53_34 PM3799479076789172672.mp4,stories-organized/usa/virginia/shenandoah/06.mp4,2025-12-30T21:53:34,6,mp4,video,https://cdn.ashzaeen.com/usa/virginia/shenandoah/06.mp4,usa,virginia,shenandoah,"Shenandoah, VA",Shenandoah
Sylhet,stories/Sylhet/ash_1221w_story_7_5_2025_12_42_53 AM3669799250398807721.mp4,stories-organized/bangladesh/sylhet/sylhet/01.mp4,2025-07-05T00:42:53,1,mp4,video,https://cdn.ashzaeen.com/bangladesh/sylhet/sylhet/01.mp4,bangladesh,sylhet,sylhet,Sylhet,Sylhet
Sylhet,stories/Sylhet/ash_1221w_story_7_5_2025_11_12_33 AM3670116143890617461.mp4,stories-organized/bangladesh/sylhet/sylhet/02.mp4,2025-07-05T11:12:33,2,mp4,video,https://cdn.ashzaeen.com/bangladesh/sylhet/sylhet/02.mp4,bangladesh,sylhet,sylhet,Sylhet,Sylhet
Sylhet,stories/Sylhet/ash_1221w_story_7_5_2025_11_35_55 AM3670127867138134603.mp4,stories-organized/bangladesh/sylhet/sylhet/03.mp4,2025-07-05T11:35:55,3,mp4,video,https://cdn.ashzaeen.com/bangladesh/sylhet/sylhet/03.mp4,bangladesh,sylhet,sylhet,Sylhet,Sylhet
Sylhet,stories/Sylhet/ash_1221w_story_7_6_2025_10_09_39 AM3670809285149095722.mp4,stories-organized/bangladesh/sylhet/sylhet/04.mp4,2025-07-06T10:09:39,4,mp4,video,https://cdn.ashzaeen.com/bangladesh/sylhet/sylhet/04.mp4,bangladesh,sylhet,sylhet,Sylhet,Sylhet
Sylhet,stories/Sylhet/ash_1221w_story_7_6_2025_12_27_43 PM3670878748494126486.mp4,stories-organized/bangladesh/sylhet/sylhet/05.mp4,2025-07-06T12:27:43,5,mp4,video,https://cdn.ashzaeen.com/bangladesh/sylhet/sylhet/05.mp4,bangladesh,sylhet,sylhet,Sylhet,Sylhet
Sylhet,stories/Sylhet/ash_1221w_story_7_6_2025_12_30_23 PM3670880059960661331.mp4,stories-organized/bangladesh/sylhet/sylhet/06.mp4,2025-07-06T12:30:23,6,mp4,video,https://cdn.ashzaeen.com/bangladesh/sylhet/sylhet/06.mp4,bangladesh,sylhet,sylhet,Sylhet,Sylhet
Sylhet,stories/Sylhet/ash_1221w_story_7_6_2025_1_12_23 PM3670901243259394371.mp4,stories-organized/bangladesh/sylhet/sylhet/07.mp4,2025-07-06T13:12:23,7,mp4,video,https://cdn.ashzaeen.com/bangladesh/sylhet/sylhet/07.mp4,bangladesh,sylhet,sylhet,Sylhet,Sylhet
Sylhet,stories/Sylhet/ash_1221w_story_7_7_2025_10_25_17 AM3671541929755522640.mp4,stories-organized/bangladesh/sylhet/sylhet/08.mp4,2025-07-07T10:25:17,8,mp4,video,https://cdn.ashzaeen.com/bangladesh/sylhet/sylhet/08.mp4,bangladesh,sylhet,sylhet,Sylhet,Sylhet
Sylhet,stories/Sylhet/ash_1221w_story_7_8_2025_3_42_35 AM3672064067092480273.mp4,stories-organized/bangladesh/sylhet/sylhet/09.mp4,2025-07-08T03:42:35,9,mp4,video,https://cdn.ashzaeen.com/bangladesh/sylhet/sylhet/09.mp4,bangladesh,sylhet,sylhet,Sylhet,Sylhet
Sylhet,stories/Sylhet/ash_1221w_story_7_9_2025_4_20_12 AM3672807701924522439.mp4,stories-organized/bangladesh/sylhet/sylhet/10.mp4,2025-07-09T04:20:12,10,mp4,video,https://cdn.ashzaeen.com/bangladesh/sylhet/sylhet/10.mp4,bangladesh,sylhet,sylhet,Sylhet,Sylhet
Sylhet,stories/Sylhet/ash_1221w_story_7_9_2025_4_20_34 AM3672807833206061896.mp4,stories-organized/bangladesh/sylhet/sylhet/11.mp4,2025-07-09T04:20:34,11,mp4,video,https://cdn.ashzaeen.com/bangladesh/sylhet/sylhet/11.mp4,bangladesh,sylhet,sylhet,Sylhet,Sylhet
Sylhet,stories/Sylhet/ash_1221w_story_7_9_2025_4_52_59 AM3672824203297942463.mp4,stories-organized/bangladesh/sylhet/sylhet/12.mp4,2025-07-09T04:52:59,12,mp4,video,https://cdn.ashzaeen.com/bangladesh/sylhet/sylhet/12.mp4,bangladesh,sylhet,sylhet,Sylhet,Sylhet
Sylhet,stories/Sylhet/ash_1221w_story_7_10_2025_5_39_01 AM3673572141225507794.mp4,stories-organized/bangladesh/sylhet/sylhet/13.mp4,2025-07-10T05:39:01,13,mp4,video,https://cdn.ashzaeen.com/bangladesh/sylhet/sylhet/13.mp4,bangladesh,sylhet,sylhet,Sylhet,Sylhet
Tampa,stories/Tampa/ash_1221w_story_12_24_2024_9_39_13 AM3530217767710324382.mp4,stories-organized/usa/florida/tampa/01.mp4,2024-12-24T09:39:13,1,mp4,video,https://cdn.ashzaeen.com/usa/florida/tampa/01.mp4,usa,florida,tampa,"Tampa, FL",Tampa
Tampa,stories/Tampa/ash_1221w_story_12_25_2024_8_08_47 PM3531259242116262063.mp4,stories-organized/usa/florida/tampa/02.mp4,2024-12-25T20:08:47,2,mp4,video,https://cdn.ashzaeen.com/usa/florida/tampa/02.mp4,usa,florida,tampa,"Tampa, FL",Tampa
Tampa,stories/Tampa/ash_1221w_story_12_25_2024_9_49_44 PM3531310137001822005.mp4,stories-organized/usa/florida/tampa/03.mp4,2024-12-25T21:49:44,3,mp4,video,https://cdn.ashzaeen.com/usa/florida/tampa/03.mp4,usa,florida,tampa,"Tampa, FL",Tampa
Tampa,stories/Tampa/ash_1221w_story_12_27_2024_5_06_11 AM3532254545213842600.mp4,stories-organized/usa/florida/tampa/04.mp4,2024-12-27T05:06:11,4,mp4,video,https://cdn.ashzaeen.com/usa/florida/tampa/04.mp4,usa,florida,tampa,"Tampa, FL",Tampa
Tampa,stories/Tampa/ash_1221w_story_12_27_2024_5_08_38 AM3532255798236997704.mp4,stories-organized/usa/florida/tampa/05.mp4,2024-12-27T05:08:38,5,mp4,video,https://cdn.ashzaeen.com/usa/florida/tampa/05.mp4,usa,florida,tampa,"Tampa, FL",Tampa
Tampa,stories/Tampa/ash_1221w_story_12_27_2024_5_11_40 AM3532257320408685252.mp4,stories-organized/usa/florida/tampa/06.mp4,2024-12-27T05:11:40,6,mp4,video,https://cdn.ashzaeen.com/usa/florida/tampa/06.mp4,usa,florida,tampa,"Tampa, FL",Tampa
Tampa,stories/Tampa/ash_1221w_story_12_28_2024_9_14_22 AM3533104234128214636.mp4,stories-organized/usa/florida/tampa/07.mp4,2024-12-28T09:14:22,7,mp4,video,https://cdn.ashzaeen.com/usa/florida/tampa/07.mp4,usa,florida,tampa,"Tampa, FL",Tampa
Tampa,stories/Tampa/ash_1221w_story_12_28_2024_1_14_13 PM3533224994702847708.mp4,stories-organized/usa/florida/tampa/08.mp4,2024-12-28T13:14:13,8,mp4,video,https://cdn.ashzaeen.com/usa/florida/tampa/08.mp4,usa,florida,tampa,"Tampa, FL",Tampa
Tampa,stories/Tampa/ash_1221w_story_12_28_2024_1_18_37 PM3533227173752780358.mp4,stories-organized/usa/florida/tampa/09.mp4,2024-12-28T13:18:37,9,mp4,video,https://cdn.ashzaeen.com/usa/florida/tampa/09.mp4,usa,florida,tampa,"Tampa, FL",Tampa
Tampa,stories/Tampa/ash_1221w_story_12_28_2024_11_57_29 PM3533548733121323388.mp4,stories-organized/usa/florida/tampa/10.mp4,2024-12-28T23:57:29,10,mp4,video,https://cdn.ashzaeen.com/usa/florida/tampa/10.mp4,usa,florida,tampa,"Tampa, FL",Tampa
Tampa,stories/Tampa/ash_1221w_story_12_29_2024_6_15_38 PM3534101470205572013.mp4,stories-organized/usa/florida/tampa/11.mp4,2024-12-29T18:15:38,11,mp4,video,https://cdn.ashzaeen.com/usa/florida/tampa/11.mp4,usa,florida,tampa,"Tampa, FL",Tampa
Tampa,stories/Tampa/ash_1221w_story_12_29_2024_6_18_00 PM3534102668174208866.mp4,stories-organized/usa/florida/tampa/12.mp4,2024-12-29T18:18:00,12,mp4,video,https://cdn.ashzaeen.com/usa/florida/tampa/12.mp4,usa,florida,tampa,"Tampa, FL",Tampa
Tampa,stories/Tampa/ash_1221w_story_12_29_2024_6_19_30 PM3534103357483031309.mp4,stories-organized/usa/florida/tampa/13.mp4,2024-12-29T18:19:30,13,mp4,video,https://cdn.ashzaeen.com/usa/florida/tampa/13.mp4,usa,florida,tampa,"Tampa, FL",Tampa
Tampa,stories/Tampa/ash_1221w_story_12_29_2024_9_47_44 PM3534208209738278422.mp4,stories-organized/usa/florida/tampa/14.mp4,2024-12-29T21:47:44,14,mp4,video,https://cdn.ashzaeen.com/usa/florida/tampa/14.mp4,usa,florida,tampa,"Tampa, FL",Tampa
Washington DC,stories/Washington DC/ash_1221w_story_12_22_2025_10_03_54 AM3793323669649812884.mp4,stories-organized/usa/dc/washington-dc/01.mp4,2025-12-22T10:03:54,1,mp4,video,https://cdn.ashzaeen.com/usa/dc/washington-dc/01.mp4,usa,dc,washington-dc,Washington DC,Washington DC
Washington DC,stories/Washington DC/ash_1221w_story_12_22_2025_12_22_17 PM3793393312333929306.mp4,stories-organized/usa/dc/washington-dc/02.mp4,2025-12-22T12:22:17,2,mp4,video,https://cdn.ashzaeen.com/usa/dc/washington-dc/02.mp4,usa,dc,washington-dc,Washington DC,Washington DC
Washington DC,stories/Washington DC/ash_1221w_story_12_22_2025_12_27_18 PM3793395826651401007.mp4,stories-organized/usa/dc/washington-dc/03.mp4,2025-12-22T12:27:18,3,mp4,video,https://cdn.ashzaeen.com/usa/dc/washington-dc/03.mp4,usa,dc,washington-dc,Washington DC,Washington DC
Washington DC,stories/Washington DC/ash_1221w_story_12_29_2025_4_31_40 AM3798229897630862962.mp4,stories-organized/usa/dc/washington-dc/04.mp4,2025-12-29T04:31:40,4,mp4,video,https://cdn.ashzaeen.com/usa/dc/washington-dc/04.mp4,usa,dc,washington-dc,Washington DC,Washington DC
Washington DC,stories/Washington DC/ash_1221w_story_12_29_2025_8_14_41 AM3798342116637051928.mp4,stories-organized/usa/dc/washington-dc/05.mp4,2025-12-29T08:14:41,5,mp4,video,https://cdn.ashzaeen.com/usa/dc/washington-dc/05.mp4,usa,dc,washington-dc,Washington DC,Washington DC
Washington DC,stories/Washington DC/ash_1221w_story_12_30_2025_11_13_21 AM3799156769600480103.mp4,stories-organized/usa/dc/washington-dc/06.mp4,2025-12-30T11:13:21,6,mp4,video,https://cdn.ashzaeen.com/usa/dc/washington-dc/06.mp4,usa,dc,washington-dc,Washington DC,Washington DC
Washington DC,stories/Washington DC/ash_1221w_story_12_30_2025_11_14_44 AM3799157530312980232.mp4,stories-organized/usa/dc/washington-dc/07.mp4,2025-12-30T11:14:44,7,mp4,video,https://cdn.ashzaeen.com/usa/dc/washington-dc/07.mp4,usa,dc,washington-dc,Washington DC,Washington DC
Washington DC Spring,stories/Washington DC Spring/ash_1221w_story_4_7_2025_1_33_25 PM3605682007898215384.mp4,stories-organized/usa/dc/washington-dc-spring/01.mp4,2025-04-07T13:33:25,1,mp4,video,https://cdn.ashzaeen.com/usa/dc/washington-dc-spring/01.mp4,usa,dc,washington-dc-spring,Washington DC,Washington DC — Spring
Washington DC Spring,stories/Washington DC Spring/ash_1221w_story_4_7_2025_1_34_50 PM3605682728890607453.mp4,stories-organized/usa/dc/washington-dc-spring/02.mp4,2025-04-07T13:34:50,2,mp4,video,https://cdn.ashzaeen.com/usa/dc/washington-dc-spring/02.mp4,usa,dc,washington-dc-spring,Washington DC,Washington DC — Spring
Washington DC Spring,stories/Washington DC Spring/ash_1221w_story_4_7_2025_1_53_18 PM3605692013536168765.mp4,stories-organized/usa/dc/washington-dc-spring/03.mp4,2025-04-07T13:53:18,3,mp4,video,https://cdn.ashzaeen.com/usa/dc/washington-dc-spring/03.mp4,usa,dc,washington-dc-spring,Washington DC,Washington DC — Spring
Washington DC Spring,stories/Washington DC Spring/ash_1221w_story_4_8_2025_2_30_55 AM3606073284945901041.mp4,stories-organized/usa/dc/washington-dc-spring/04.mp4,2025-04-08T02:30:55,4,mp4,video,https://cdn.ashzaeen.com/usa/dc/washington-dc-spring/04.mp4,usa,dc,washington-dc-spring,Washington DC,Washington DC — Spring
Washington DC Spring,stories/Washington DC Spring/ash_1221w_story_4_8_2025_2_40_10 PM3606440322743912523.mp4,stories-organized/usa/dc/washington-dc-spring/05.mp4,2025-04-08T14:40:10,5,mp4,video,https://cdn.ashzaeen.com/usa/dc/washington-dc-spring/05.mp4,usa,dc,washington-dc-spring,Washington DC,Washington DC — Spring
Washington DC Spring,stories/Washington DC Spring/ash_1221w_story_4_8_2025_2_41_52 PM3606441226028986274.mp4,stories-organized/usa/dc/washington-dc-spring/06.mp4,2025-04-08T14:41:52,6,mp4,video,https://cdn.ashzaeen.com/usa/dc/washington-dc-spring/06.mp4,usa,dc,washington-dc-spring,Washington DC,Washington DC — Spring
Washington DC Spring,stories/Washington DC Spring/ash_1221w_story_4_9_2025_1_46_59 AM3606775952366587773.mp4,stories-organized/usa/dc/washington-dc-spring/07.mp4,2025-04-09T01:46:59,7,mp4,video,https://cdn.ashzaeen.com/usa/dc/washington-dc-spring/07.mp4,usa,dc,washington-dc-spring,Washington DC,Washington DC — Spring
Washington DC Spring,stories/Washington DC Spring/ash_1221w_story_4_9_2025_2_46_17 PM3607168194844483674.mp4,stories-organized/usa/dc/washington-dc-spring/08.mp4,2025-04-09T14:46:17,8,mp4,video,https://cdn.ashzaeen.com/usa/dc/washington-dc-spring/08.mp4,usa,dc,washington-dc-spring,Washington DC,Washington DC — Spring
Washington DC Spring,stories/Washington DC Spring/ash_1221w_story_4_9_2025_2_50_45 PM3607170439921019457.mp4,stories-organized/usa/dc/washington-dc-spring/09.mp4,2025-04-09T14:50:45,9,mp4,video,https://cdn.ashzaeen.com/usa/dc/washington-dc-spring/09.mp4,usa,dc,washington-dc-spring,Washington DC,Washington DC — Spring
Washington DC Spring,stories/Washington DC Spring/ash_1221w_story_4_10_2025_2_31_49 PM3607885708742141246.mp4,stories-organized/usa/dc/washington-dc-spring/10.mp4,2025-04-10T14:31:49,10,mp4,video,https://cdn.ashzaeen.com/usa/dc/washington-dc-spring/10.mp4,usa,dc,washington-dc-spring,Washington DC,Washington DC — Spring
Washington DC Spring,stories/Washington DC Spring/ash_1221w_story_4_10_2025_2_42_27 PM3607891125996346708.mp4,stories-organized/usa/dc/washington-dc-spring/11.mp4,2025-04-10T14:42:27,11,mp4,video,https://cdn.ashzaeen.com/usa/dc/washington-dc-spring/11.mp4,usa,dc,washington-dc-spring,Washington DC,Washington DC — Spring
